username,email,last_name,first_name,ine,nip
user1,user1@example.com,Doe,John,4,4
user2,user2@example.com,Smith,Jane,5,5
user3,user3@example.com,Williams,Robert,6,6
user4,user4@example.com,Johnson,Emily,7,7
user5,user5@example.com,Brown,Michael,8,8
user6,user6@example.com,Miller,Olivia,9,9
user7,user7@example.com,Davis,William,10,10
user8,user8@example.com,Garcia,Emma,11,11
user9,user9@example.com,Rodriguez,Noah,12,12
user10,user10@example.com,Martinez,Isabella,13,13
user11,user11@example.com,Hernandez,James,14,14
user12,user12@example.com,Lopez,Sophia,15,15
user13,user13@example.com,Gonzalez,Logan,16,16
user14,user14@example.com,Wilson,Charlotte,17,17
user15,user15@example.com,Anderson,Evelyn,18,18
user16,user16@example.com,Thomas,Amelia,19,19
user17,user17@example.com,Taylor,Harper,20,20
user18,user18@example.com,Moore,Grace,21,21
user19,user19@example.com,Jackson,Ella,22,22
user20,user20@example.com,Martin,Avery,23,23
user21,user21@example.com,Lewis,Scarlett,24,24
user22,user22@example.com,Mia,Priy,25,25
user23,user23@example.com,Walker,Sofia,26,26
user24,user24@example.com,Hall,Lucy,27,27
user25,user25@example.com,Allen,Anna,28,28
user26,user26@example.com,Young,Lily,29,29
user27,user27@example.com,Hill,Ellie,30,30
user28,user28@example.com,Harrison,Chloe,31,31
user29,user29@example.com,Bennett,Zoey,32,32
user30,user30@example.com,Flores,Aria,33,33
user31,user31@example.com,Collins,Grace,34,34
user32,user32@example.com,Cooper,Hannah,35,35
user33,user33@example.com,Hughes,Layla,36,36
user34,user34@example.com,Reed,Audrey,37,37
user35,user35@example.com,Ward,Alice,38,38
user36,user36@example.com,Morales,Zoe,39,39
user37,user37@example.com,Harvey,Penelope,40,40
user38,user38@example.com,Gordon,Mila,41,41
user39,user39@example.com,Ray,Leah,42,42
user40,user40@example.com,Porter,Victoria,43,43
user41,user41@example.com,Russell,Madison,44,44
user42,user42@example.com,Griffin,Skylar,45,45
user43,user43@example.com,Diaz,Riley,46,46
user44,user44@example.com,Hayes,Paisley,47,47
user45,user45@example.com,Myers,Hailey,48,48
user46,user46@example.com,Ford,Nora,49,49
user47,user47@example.com,Hamilton,Eleanor,50,50
user48,user48@example.com,Barrett,Hazel,51,51
user49,user49@example.com,Stanley,Kinsley,52,52
user50,user50@example.com,Bates,Addison,53,53